PatientID,Age,Gender,Ethnicity,EducationLevel,BMI,Smoking,AlcoholConsumption,PhysicalActivity,DietQuality,SleepQuality,FamilyHistoryAlzheimers,CardiovascularDisease,Diabetes,Depression,HeadInjury,Hypertension,SystolicBP,DiastolicBP,CholesterolTotal,CholesterolLDL,CholesterolHDL,CholesterolTriglycerides,MMSE,FunctionalAssessment,MemoryComplaints,BehavioralProblems,ADL,Confusion,Disorientation,PersonalityChanges,DifficultyCompletingTasks,Forgetfulness,Diagnosis,DoctorInCharge
4751,73,0,0,2,22.92774923,0,13.29721773,6.327112474,1.347214306,9.025678666,0,0,1,1,0,0,142,72,242.3668397,56.15089696,33.6825635,162.1891431,21.46353236,6.518876973,0,0,1.72588346,0,0,0,1,0,0,XXXConfid
4752,89,0,0,0,26.82768119,0,4.542523818,7.61988454,0.518767139,7.151292743,0,0,0,0,0,0,115,64,231.162595,193.4079955,79.02847732,294.6309092,20.61326731,7.118695504,0,0,2.592424133,0,0,0,0,1,0,XXXConfid
4753,73,0,3,1,17.79588244,0,19.55508453,7.844987791,1.826334665,9.673574158,1,0,0,0,0,0,99,116,284.1818578,153.3227622,69.77229186,83.63832414,7.356248625,5.895077345,0,0,7.119547743,0,1,0,1,0,0,XXXConfid
4770,68,0,0,3,20.04140036,0,18.42636447,4.060713917,3.361536133,7.393126211,0,0,0,0,0,0,144,98,195.2046348,181.9779289,50.59786665,52.78694561,11.04498429,0.535639211,0,1,6.538580145,0,0,0,0,1,1,XXXConfid
4771,82,1,0,0,36.2230988,0,4.19289551,6.381502407,7.971127069,9.521026999,0,1,0,0,0,0,120,93,271.8414494,84.47888882,76.37038996,361.242014,8.984758991,6.946428266,0,1,1.68802459,0,0,0,0,1,1,XXXConfid
